{
  "title": "Isometric Perspective",
  "id": "isometric-perspective",
  "description": "Altera a perspectiva do canvas para isometrica.",
  "version": "0.0.5",
  "esmodules": [
    "scripts/main.js"
  ],
  "authors": [
    {
      "name": "marceloabner",
      "email": "marceloabner@gmail.com"
    }
  ],
  "compatibility": {
    "minimum": "11",
    "verified": "12"
  },
  "url": "https://github.com/marceloabner/isometric-perspective",
  "manifest": "https://raw.githubusercontent.com/marceloabner/isometric-perspective/refs/heads/main/module.json",
  "download": "https://github.com/marceloabner/isometric-perspective/archive/refs/heads/main"
}