{
  "id": "isometric-perspective",
  "title": "Isometric Perspective",
  "description": "Altera a perspectiva do canvas para isometrica.",
  "esmodules": [
    "scripts/isoCanvas.js"
  ],
  "version": "0.0.3",
  "compatibility": {
    "minimum": "11",
    "verified": "12"
  },
  "url": "https://github.com/marceloabner/isometric-perspective",
  "manifest": "https://raw.githubusercontent.com/marceloabner/isometric-perspective/refs/heads/main/module.json",
  "download": "https://github.com/marceloabner/isometric-perspective/archive/refs/heads/main"
}