{
  "id": "isometric-perspective",
  "title": "Isometric Perspective",
  "description": "Altera a perspectiva do canvas para isometrica.",
  "esmodules": [
    "scripts/isoCanvas.js"
  ],
  "version": "0.0.1",
  "compatibility": {
    "minimum": "11",
    "verified": "12"
  },
  "url": "https://github.com/marceloabner/isometric-perspective",
  "manifest": "https://github.com/marceloabner/isometric-perspective/releases/latest/download/module.json",
  "download": "https://github.com/marceloabner/isometric-perspective/releases/latest/download/module.zip"
}